-- Data Seed Script cho EduCenter
-- Tự động sinh dữ liệu test chuẩn Edu Prod với ít nhất 25 records mỗi bảng.

INSERT INTO users (id, code, full_name, email, password, role, is_active) VALUES 
('00000000-0000-0000-0000-000000000001', 'ADM-01', 'Quản trị viên', 'admin@educenter.com', 'hashed_pw', 'ADMIN', true)
ON CONFLICT DO NOTHING;

INSERT INTO rooms (id, code, name, capacity, address) VALUES
('11111111-1111-1111-1111-000000000001', 'P101', 'Phòng Học 101', 30, 'Tầng 1 Tòa A'),
('11111111-1111-1111-1111-000000000002', 'P102', 'Phòng Học 102', 30, 'Tầng 1 Tòa A'),
('11111111-1111-1111-1111-000000000003', 'P103', 'Phòng Học 103', 30, 'Tầng 1 Tòa A'),
('11111111-1111-1111-1111-000000000004', 'P104', 'Phòng Học 104', 30, 'Tầng 1 Tòa A'),
('11111111-1111-1111-1111-000000000005', 'P105', 'Phòng Học 105', 30, 'Tầng 1 Tòa A'),
('11111111-1111-1111-1111-000000000006', 'P106', 'Phòng Học 106', 30, 'Tầng 1 Tòa A'),
('11111111-1111-1111-1111-000000000007', 'P107', 'Phòng Học 107', 30, 'Tầng 1 Tòa A'),
('11111111-1111-1111-1111-000000000008', 'P108', 'Phòng Học 108', 30, 'Tầng 1 Tòa A'),
('11111111-1111-1111-1111-000000000009', 'P109', 'Phòng Học 109', 30, 'Tầng 1 Tòa A'),
('11111111-1111-1111-1111-000000000010', 'P110', 'Phòng Học 110', 30, 'Tầng 1 Tòa A'),
('11111111-1111-1111-1111-000000000011', 'P111', 'Phòng Học 111', 30, 'Tầng 1 Tòa A'),
('11111111-1111-1111-1111-000000000012', 'P112', 'Phòng Học 112', 30, 'Tầng 1 Tòa A'),
('11111111-1111-1111-1111-000000000013', 'P113', 'Phòng Học 113', 30, 'Tầng 1 Tòa A'),
('11111111-1111-1111-1111-000000000014', 'P114', 'Phòng Học 114', 30, 'Tầng 1 Tòa A'),
('11111111-1111-1111-1111-000000000015', 'P115', 'Phòng Học 115', 30, 'Tầng 2 Tòa A'),
('11111111-1111-1111-1111-000000000016', 'P116', 'Phòng Học 116', 30, 'Tầng 2 Tòa A'),
('11111111-1111-1111-1111-000000000017', 'P117', 'Phòng Học 117', 30, 'Tầng 2 Tòa A'),
('11111111-1111-1111-1111-000000000018', 'P118', 'Phòng Học 118', 30, 'Tầng 2 Tòa A'),
('11111111-1111-1111-1111-000000000019', 'P119', 'Phòng Học 119', 30, 'Tầng 2 Tòa A'),
('11111111-1111-1111-1111-000000000020', 'P120', 'Phòng Học 120', 30, 'Tầng 2 Tòa A'),
('11111111-1111-1111-1111-000000000021', 'P121', 'Phòng Học 121', 30, 'Tầng 2 Tòa A'),
('11111111-1111-1111-1111-000000000022', 'P122', 'Phòng Học 122', 30, 'Tầng 2 Tòa A'),
('11111111-1111-1111-1111-000000000023', 'P123', 'Phòng Học 123', 30, 'Tầng 2 Tòa A'),
('11111111-1111-1111-1111-000000000024', 'P124', 'Phòng Học 124', 30, 'Tầng 2 Tòa A'),
('11111111-1111-1111-1111-000000000025', 'P125', 'Phòng Học 125', 30, 'Tầng 2 Tòa A')
ON CONFLICT DO NOTHING;

INSERT INTO courses (id, code, name, description, grade_level, subject, session_count, session_duration_minutes, total_hours, price, status) VALUES
('22222222-2222-2222-2222-000000000001', 'CRS-001', 'Khóa học Tiếng Anh Tăng Cường 1', 'Nội dung chuẩn kiến thức Tiếng Anh', 'Khối 9', 'Tiếng Anh', 24, 90, 36.00, 1510000, 'ACTIVE'),
('22222222-2222-2222-2222-000000000002', 'CRS-002', 'Khóa học Vật Lý Tăng Cường 2', 'Nội dung chuẩn kiến thức Vật Lý', 'Khối 10', 'Vật Lý', 24, 90, 36.00, 1520000, 'ACTIVE'),
('22222222-2222-2222-2222-000000000003', 'CRS-003', 'Khóa học Hóa Học Tăng Cường 3', 'Nội dung chuẩn kiến thức Hóa Học', 'Khối 11', 'Hóa Học', 24, 90, 36.00, 1530000, 'ACTIVE'),
('22222222-2222-2222-2222-000000000004', 'CRS-004', 'Khóa học Ngữ Văn Tăng Cường 4', 'Nội dung chuẩn kiến thức Ngữ Văn', 'Khối 12', 'Ngữ Văn', 24, 90, 36.00, 1540000, 'ACTIVE'),
('22222222-2222-2222-2222-000000000005', 'CRS-005', 'Khóa học Toán Tăng Cường 5', 'Nội dung chuẩn kiến thức Toán', 'Khối 8', 'Toán', 24, 90, 36.00, 1550000, 'ACTIVE'),
('22222222-2222-2222-2222-000000000006', 'CRS-006', 'Khóa học Tiếng Anh Tăng Cường 6', 'Nội dung chuẩn kiến thức Tiếng Anh', 'Khối 9', 'Tiếng Anh', 24, 90, 36.00, 1560000, 'ACTIVE'),
('22222222-2222-2222-2222-000000000007', 'CRS-007', 'Khóa học Vật Lý Tăng Cường 7', 'Nội dung chuẩn kiến thức Vật Lý', 'Khối 10', 'Vật Lý', 24, 90, 36.00, 1570000, 'ACTIVE'),
('22222222-2222-2222-2222-000000000008', 'CRS-008', 'Khóa học Hóa Học Tăng Cường 8', 'Nội dung chuẩn kiến thức Hóa Học', 'Khối 11', 'Hóa Học', 24, 90, 36.00, 1580000, 'ACTIVE'),
('22222222-2222-2222-2222-000000000009', 'CRS-009', 'Khóa học Ngữ Văn Tăng Cường 9', 'Nội dung chuẩn kiến thức Ngữ Văn', 'Khối 12', 'Ngữ Văn', 24, 90, 36.00, 1590000, 'ACTIVE'),
('22222222-2222-2222-2222-000000000010', 'CRS-010', 'Khóa học Toán Tăng Cường 10', 'Nội dung chuẩn kiến thức Toán', 'Khối 8', 'Toán', 24, 90, 36.00, 1600000, 'ACTIVE'),
('22222222-2222-2222-2222-000000000011', 'CRS-011', 'Khóa học Tiếng Anh Tăng Cường 11', 'Nội dung chuẩn kiến thức Tiếng Anh', 'Khối 9', 'Tiếng Anh', 24, 90, 36.00, 1610000, 'ACTIVE'),
('22222222-2222-2222-2222-000000000012', 'CRS-012', 'Khóa học Vật Lý Tăng Cường 12', 'Nội dung chuẩn kiến thức Vật Lý', 'Khối 10', 'Vật Lý', 24, 90, 36.00, 1620000, 'ACTIVE'),
('22222222-2222-2222-2222-000000000013', 'CRS-013', 'Khóa học Hóa Học Tăng Cường 13', 'Nội dung chuẩn kiến thức Hóa Học', 'Khối 11', 'Hóa Học', 24, 90, 36.00, 1630000, 'ACTIVE'),
('22222222-2222-2222-2222-000000000014', 'CRS-014', 'Khóa học Ngữ Văn Tăng Cường 14', 'Nội dung chuẩn kiến thức Ngữ Văn', 'Khối 12', 'Ngữ Văn', 24, 90, 36.00, 1640000, 'ACTIVE'),
('22222222-2222-2222-2222-000000000015', 'CRS-015', 'Khóa học Toán Tăng Cường 15', 'Nội dung chuẩn kiến thức Toán', 'Khối 8', 'Toán', 24, 90, 36.00, 1650000, 'ACTIVE'),
('22222222-2222-2222-2222-000000000016', 'CRS-016', 'Khóa học Tiếng Anh Tăng Cường 16', 'Nội dung chuẩn kiến thức Tiếng Anh', 'Khối 9', 'Tiếng Anh', 24, 90, 36.00, 1660000, 'ACTIVE'),
('22222222-2222-2222-2222-000000000017', 'CRS-017', 'Khóa học Vật Lý Tăng Cường 17', 'Nội dung chuẩn kiến thức Vật Lý', 'Khối 10', 'Vật Lý', 24, 90, 36.00, 1670000, 'ACTIVE'),
('22222222-2222-2222-2222-000000000018', 'CRS-018', 'Khóa học Hóa Học Tăng Cường 18', 'Nội dung chuẩn kiến thức Hóa Học', 'Khối 11', 'Hóa Học', 24, 90, 36.00, 1680000, 'ACTIVE'),
('22222222-2222-2222-2222-000000000019', 'CRS-019', 'Khóa học Ngữ Văn Tăng Cường 19', 'Nội dung chuẩn kiến thức Ngữ Văn', 'Khối 12', 'Ngữ Văn', 24, 90, 36.00, 1690000, 'ACTIVE'),
('22222222-2222-2222-2222-000000000020', 'CRS-020', 'Khóa học Toán Tăng Cường 20', 'Nội dung chuẩn kiến thức Toán', 'Khối 8', 'Toán', 24, 90, 36.00, 1700000, 'ACTIVE'),
('22222222-2222-2222-2222-000000000021', 'CRS-021', 'Khóa học Tiếng Anh Tăng Cường 21', 'Nội dung chuẩn kiến thức Tiếng Anh', 'Khối 9', 'Tiếng Anh', 24, 90, 36.00, 1710000, 'ACTIVE'),
('22222222-2222-2222-2222-000000000022', 'CRS-022', 'Khóa học Vật Lý Tăng Cường 22', 'Nội dung chuẩn kiến thức Vật Lý', 'Khối 10', 'Vật Lý', 24, 90, 36.00, 1720000, 'ACTIVE'),
('22222222-2222-2222-2222-000000000023', 'CRS-023', 'Khóa học Hóa Học Tăng Cường 23', 'Nội dung chuẩn kiến thức Hóa Học', 'Khối 11', 'Hóa Học', 24, 90, 36.00, 1730000, 'ACTIVE'),
('22222222-2222-2222-2222-000000000024', 'CRS-024', 'Khóa học Ngữ Văn Tăng Cường 24', 'Nội dung chuẩn kiến thức Ngữ Văn', 'Khối 12', 'Ngữ Văn', 24, 90, 36.00, 1740000, 'ACTIVE'),
('22222222-2222-2222-2222-000000000025', 'CRS-025', 'Khóa học Toán Tăng Cường 25', 'Nội dung chuẩn kiến thức Toán', 'Khối 8', 'Toán', 24, 90, 36.00, 1750000, 'ACTIVE')
ON CONFLICT DO NOTHING;

INSERT INTO programs (id, code, name, track, created_by_id, status) VALUES
('33333333-3333-3333-3333-000000000001', 'PRG-001', 'Chương trình Đào tạo 1 (ADVANCED)', 'ADVANCED', '00000000-0000-0000-0000-000000000001', 'ACTIVE'),
('33333333-3333-3333-3333-000000000002', 'PRG-002', 'Chương trình Đào tạo 2 (SUPPORT)', 'SUPPORT', '00000000-0000-0000-0000-000000000001', 'ACTIVE'),
('33333333-3333-3333-3333-000000000003', 'PRG-003', 'Chương trình Đào tạo 3 (BASIC)', 'BASIC', '00000000-0000-0000-0000-000000000001', 'ACTIVE'),
('33333333-3333-3333-3333-000000000004', 'PRG-004', 'Chương trình Đào tạo 4 (ADVANCED)', 'ADVANCED', '00000000-0000-0000-0000-000000000001', 'ACTIVE'),
('33333333-3333-3333-3333-000000000005', 'PRG-005', 'Chương trình Đào tạo 5 (SUPPORT)', 'SUPPORT', '00000000-0000-0000-0000-000000000001', 'ACTIVE'),
('33333333-3333-3333-3333-000000000006', 'PRG-006', 'Chương trình Đào tạo 6 (BASIC)', 'BASIC', '00000000-0000-0000-0000-000000000001', 'ACTIVE'),
('33333333-3333-3333-3333-000000000007', 'PRG-007', 'Chương trình Đào tạo 7 (ADVANCED)', 'ADVANCED', '00000000-0000-0000-0000-000000000001', 'ACTIVE'),
('33333333-3333-3333-3333-000000000008', 'PRG-008', 'Chương trình Đào tạo 8 (SUPPORT)', 'SUPPORT', '00000000-0000-0000-0000-000000000001', 'ACTIVE'),
('33333333-3333-3333-3333-000000000009', 'PRG-009', 'Chương trình Đào tạo 9 (BASIC)', 'BASIC', '00000000-0000-0000-0000-000000000001', 'ACTIVE'),
('33333333-3333-3333-3333-000000000010', 'PRG-010', 'Chương trình Đào tạo 10 (ADVANCED)', 'ADVANCED', '00000000-0000-0000-0000-000000000001', 'ACTIVE'),
('33333333-3333-3333-3333-000000000011', 'PRG-011', 'Chương trình Đào tạo 11 (SUPPORT)', 'SUPPORT', '00000000-0000-0000-0000-000000000001', 'ACTIVE'),
('33333333-3333-3333-3333-000000000012', 'PRG-012', 'Chương trình Đào tạo 12 (BASIC)', 'BASIC', '00000000-0000-0000-0000-000000000001', 'ACTIVE'),
('33333333-3333-3333-3333-000000000013', 'PRG-013', 'Chương trình Đào tạo 13 (ADVANCED)', 'ADVANCED', '00000000-0000-0000-0000-000000000001', 'ACTIVE'),
('33333333-3333-3333-3333-000000000014', 'PRG-014', 'Chương trình Đào tạo 14 (SUPPORT)', 'SUPPORT', '00000000-0000-0000-0000-000000000001', 'ACTIVE'),
('33333333-3333-3333-3333-000000000015', 'PRG-015', 'Chương trình Đào tạo 15 (BASIC)', 'BASIC', '00000000-0000-0000-0000-000000000001', 'ACTIVE'),
('33333333-3333-3333-3333-000000000016', 'PRG-016', 'Chương trình Đào tạo 16 (ADVANCED)', 'ADVANCED', '00000000-0000-0000-0000-000000000001', 'ACTIVE'),
('33333333-3333-3333-3333-000000000017', 'PRG-017', 'Chương trình Đào tạo 17 (SUPPORT)', 'SUPPORT', '00000000-0000-0000-0000-000000000001', 'ACTIVE'),
('33333333-3333-3333-3333-000000000018', 'PRG-018', 'Chương trình Đào tạo 18 (BASIC)', 'BASIC', '00000000-0000-0000-0000-000000000001', 'ACTIVE'),
('33333333-3333-3333-3333-000000000019', 'PRG-019', 'Chương trình Đào tạo 19 (ADVANCED)', 'ADVANCED', '00000000-0000-0000-0000-000000000001', 'ACTIVE'),
('33333333-3333-3333-3333-000000000020', 'PRG-020', 'Chương trình Đào tạo 20 (SUPPORT)', 'SUPPORT', '00000000-0000-0000-0000-000000000001', 'ACTIVE'),
('33333333-3333-3333-3333-000000000021', 'PRG-021', 'Chương trình Đào tạo 21 (BASIC)', 'BASIC', '00000000-0000-0000-0000-000000000001', 'ACTIVE'),
('33333333-3333-3333-3333-000000000022', 'PRG-022', 'Chương trình Đào tạo 22 (ADVANCED)', 'ADVANCED', '00000000-0000-0000-0000-000000000001', 'ACTIVE'),
('33333333-3333-3333-3333-000000000023', 'PRG-023', 'Chương trình Đào tạo 23 (SUPPORT)', 'SUPPORT', '00000000-0000-0000-0000-000000000001', 'ACTIVE'),
('33333333-3333-3333-3333-000000000024', 'PRG-024', 'Chương trình Đào tạo 24 (BASIC)', 'BASIC', '00000000-0000-0000-0000-000000000001', 'ACTIVE'),
('33333333-3333-3333-3333-000000000025', 'PRG-025', 'Chương trình Đào tạo 25 (ADVANCED)', 'ADVANCED', '00000000-0000-0000-0000-000000000001', 'ACTIVE')
ON CONFLICT DO NOTHING;

INSERT INTO teachers (id, code, full_name, email, phone, is_school_teacher, school_name, employment_type, status) VALUES
('44444444-4444-4444-4444-000000000001', 'GV-001', 'GV Trần Thị B', 'gv1@educenter.com', '0900000001', false, NULL, 'FULL_TIME', 'ACTIVE'),
('44444444-4444-4444-4444-000000000002', 'GV-002', 'GV Lê Thanh C', 'gv2@educenter.com', '0900000002', false, NULL, 'FULL_TIME', 'ACTIVE'),
('44444444-4444-4444-4444-000000000003', 'GV-003', 'GV Phạm Minh D', 'gv3@educenter.com', '0900000003', false, NULL, 'FULL_TIME', 'ACTIVE'),
('44444444-4444-4444-4444-000000000004', 'GV-004', 'GV Hoàng Thu E', 'gv4@educenter.com', '0900000004', false, NULL, 'FULL_TIME', 'ACTIVE'),
('44444444-4444-4444-4444-000000000005', 'GV-005', 'GV Huỳnh Ngọc F', 'gv5@educenter.com', '0900000005', false, NULL, 'FULL_TIME', 'ACTIVE'),
('44444444-4444-4444-4444-000000000006', 'GV-006', 'GV Phan Hải G', 'gv6@educenter.com', '0900000006', false, NULL, 'FULL_TIME', 'ACTIVE'),
('44444444-4444-4444-4444-000000000007', 'GV-007', 'GV Vũ Đức H', 'gv7@educenter.com', '0900000007', false, NULL, 'FULL_TIME', 'ACTIVE'),
('44444444-4444-4444-4444-000000000008', 'GV-008', 'GV Võ Bảo I', 'gv8@educenter.com', '0900000008', false, NULL, 'FULL_TIME', 'ACTIVE'),
('44444444-4444-4444-4444-000000000009', 'GV-009', 'GV Đặng Lan K', 'gv9@educenter.com', '0900000009', false, NULL, 'FULL_TIME', 'ACTIVE'),
('44444444-4444-4444-4444-000000000010', 'GV-010', 'GV Nguyễn Văn Long', 'gv10@educenter.com', '0900000010', false, NULL, 'FULL_TIME', 'ACTIVE'),
('44444444-4444-4444-4444-000000000011', 'GV-011', 'GV Trần Thị Linh', 'gv11@educenter.com', '0900000011', false, NULL, 'FULL_TIME', 'ACTIVE'),
('44444444-4444-4444-4444-000000000012', 'GV-012', 'GV Lê Thanh Hùng', 'gv12@educenter.com', '0900000012', false, NULL, 'FULL_TIME', 'ACTIVE'),
('44444444-4444-4444-4444-000000000013', 'GV-013', 'GV Phạm Minh Hường', 'gv13@educenter.com', '0900000013', false, NULL, 'FULL_TIME', 'ACTIVE'),
('44444444-4444-4444-4444-000000000014', 'GV-014', 'GV Hoàng Thu Tùng', 'gv14@educenter.com', '0900000014', false, NULL, 'FULL_TIME', 'ACTIVE'),
('44444444-4444-4444-4444-000000000015', 'GV-015', 'GV Huỳnh Ngọc A', 'gv15@educenter.com', '0900000015', false, NULL, 'FULL_TIME', 'ACTIVE'),
('44444444-4444-4444-4444-000000000016', 'GV-016', 'GV Phan Hải B', 'gv16@educenter.com', '0900000016', false, NULL, 'FULL_TIME', 'ACTIVE'),
('44444444-4444-4444-4444-000000000017', 'GV-017', 'GV Vũ Đức C', 'gv17@educenter.com', '0900000017', false, NULL, 'FULL_TIME', 'ACTIVE'),
('44444444-4444-4444-4444-000000000018', 'GV-018', 'GV Võ Bảo D', 'gv18@educenter.com', '0900000018', false, NULL, 'FULL_TIME', 'ACTIVE'),
('44444444-4444-4444-4444-000000000019', 'GV-019', 'GV Đặng Lan E', 'gv19@educenter.com', '0900000019', false, NULL, 'FULL_TIME', 'ACTIVE'),
('44444444-4444-4444-4444-000000000020', 'GV-020', 'GV Nguyễn Văn F', 'gv20@educenter.com', '0900000020', false, NULL, 'FULL_TIME', 'ACTIVE'),
('44444444-4444-4444-4444-000000000021', 'GV-021', 'GV Trần Thị G', 'gv21@educenter.com', '0900000021', false, NULL, 'FULL_TIME', 'ACTIVE'),
('44444444-4444-4444-4444-000000000022', 'GV-022', 'GV Lê Thanh H', 'gv22@educenter.com', '0900000022', false, NULL, 'FULL_TIME', 'ACTIVE'),
('44444444-4444-4444-4444-000000000023', 'GV-023', 'GV Phạm Minh I', 'gv23@educenter.com', '0900000023', false, NULL, 'FULL_TIME', 'ACTIVE'),
('44444444-4444-4444-4444-000000000024', 'GV-024', 'GV Hoàng Thu K', 'gv24@educenter.com', '0900000024', false, NULL, 'FULL_TIME', 'ACTIVE'),
('44444444-4444-4444-4444-000000000025', 'GV-025', 'GV Huỳnh Ngọc Long', 'gv25@educenter.com', '0900000025', false, NULL, 'FULL_TIME', 'ACTIVE')
ON CONFLICT DO NOTHING;

INSERT INTO students (id, code, full_name, email, phone, guardian_phone, grade_level, status) VALUES
('55555555-5555-5555-5555-000000000001', 'HS-001', 'HS Phạm Thu C', 'hs1@student.com', '0800000001', '0900000011', 'Khối 9', 'ACTIVE'),
('55555555-5555-5555-5555-000000000002', 'HS-002', 'HS Hoàng Ngọc D', 'hs2@student.com', '0800000002', '0900000012', 'Khối 10', 'ACTIVE'),
('55555555-5555-5555-5555-000000000003', 'HS-003', 'HS Huỳnh Hải E', 'hs3@student.com', '0800000003', '0900000013', 'Khối 11', 'ACTIVE'),
('55555555-5555-5555-5555-000000000004', 'HS-004', 'HS Phan Đức F', 'hs4@student.com', '0800000004', '0900000014', 'Khối 12', 'ACTIVE'),
('55555555-5555-5555-5555-000000000005', 'HS-005', 'HS Vũ Bảo G', 'hs5@student.com', '0800000005', '0900000015', 'Khối 8', 'ACTIVE'),
('55555555-5555-5555-5555-000000000006', 'HS-006', 'HS Võ Lan H', 'hs6@student.com', '0800000006', '0900000016', 'Khối 9', 'ACTIVE'),
('55555555-5555-5555-5555-000000000007', 'HS-007', 'HS Đặng Văn I', 'hs7@student.com', '0800000007', '0900000017', 'Khối 10', 'ACTIVE'),
('55555555-5555-5555-5555-000000000008', 'HS-008', 'HS Nguyễn Thị K', 'hs8@student.com', '0800000008', '0900000018', 'Khối 11', 'ACTIVE'),
('55555555-5555-5555-5555-000000000009', 'HS-009', 'HS Trần Thanh Long', 'hs9@student.com', '0800000009', '0900000019', 'Khối 12', 'ACTIVE'),
('55555555-5555-5555-5555-000000000010', 'HS-010', 'HS Lê Minh Linh', 'hs10@student.com', '0800000010', '0900000020', 'Khối 8', 'ACTIVE'),
('55555555-5555-5555-5555-000000000011', 'HS-011', 'HS Phạm Thu Hùng', 'hs11@student.com', '0800000011', '0900000021', 'Khối 9', 'ACTIVE'),
('55555555-5555-5555-5555-000000000012', 'HS-012', 'HS Hoàng Ngọc Hường', 'hs12@student.com', '0800000012', '0900000022', 'Khối 10', 'ACTIVE'),
('55555555-5555-5555-5555-000000000013', 'HS-013', 'HS Huỳnh Hải Tùng', 'hs13@student.com', '0800000013', '0900000023', 'Khối 11', 'ACTIVE'),
('55555555-5555-5555-5555-000000000014', 'HS-014', 'HS Phan Đức A', 'hs14@student.com', '0800000014', '0900000024', 'Khối 12', 'ACTIVE'),
('55555555-5555-5555-5555-000000000015', 'HS-015', 'HS Vũ Bảo B', 'hs15@student.com', '0800000015', '0900000025', 'Khối 8', 'ACTIVE'),
('55555555-5555-5555-5555-000000000016', 'HS-016', 'HS Võ Lan C', 'hs16@student.com', '0800000016', '0900000026', 'Khối 9', 'ACTIVE'),
('55555555-5555-5555-5555-000000000017', 'HS-017', 'HS Đặng Văn D', 'hs17@student.com', '0800000017', '0900000027', 'Khối 10', 'ACTIVE'),
('55555555-5555-5555-5555-000000000018', 'HS-018', 'HS Nguyễn Thị E', 'hs18@student.com', '0800000018', '0900000028', 'Khối 11', 'ACTIVE'),
('55555555-5555-5555-5555-000000000019', 'HS-019', 'HS Trần Thanh F', 'hs19@student.com', '0800000019', '0900000029', 'Khối 12', 'ACTIVE'),
('55555555-5555-5555-5555-000000000020', 'HS-020', 'HS Lê Minh G', 'hs20@student.com', '0800000020', '0900000030', 'Khối 8', 'ACTIVE'),
('55555555-5555-5555-5555-000000000021', 'HS-021', 'HS Phạm Thu H', 'hs21@student.com', '0800000021', '0900000031', 'Khối 9', 'ACTIVE'),
('55555555-5555-5555-5555-000000000022', 'HS-022', 'HS Hoàng Ngọc I', 'hs22@student.com', '0800000022', '0900000032', 'Khối 10', 'ACTIVE'),
('55555555-5555-5555-5555-000000000023', 'HS-023', 'HS Huỳnh Hải K', 'hs23@student.com', '0800000023', '0900000033', 'Khối 11', 'ACTIVE'),
('55555555-5555-5555-5555-000000000024', 'HS-024', 'HS Phan Đức Long', 'hs24@student.com', '0800000024', '0900000034', 'Khối 12', 'ACTIVE'),
('55555555-5555-5555-5555-000000000025', 'HS-025', 'HS Vũ Bảo Linh', 'hs25@student.com', '0800000025', '0900000035', 'Khối 8', 'ACTIVE')
ON CONFLICT DO NOTHING;

INSERT INTO classes (id, code, name, start_date, max_students, status, price, program_id, course_id, teacher_id) VALUES
('66666666-6666-6666-6666-000000000001', 'L-001', 'Lớp Học 1', NOW(), 20, 'OPEN', 2000000, '33333333-3333-3333-3333-000000000001', '22222222-2222-2222-2222-000000000001', '44444444-4444-4444-4444-000000000001'),
('66666666-6666-6666-6666-000000000002', 'L-002', 'Lớp Học 2', NOW(), 20, 'OPEN', 2000000, '33333333-3333-3333-3333-000000000002', '22222222-2222-2222-2222-000000000002', '44444444-4444-4444-4444-000000000002'),
('66666666-6666-6666-6666-000000000003', 'L-003', 'Lớp Học 3', NOW(), 20, 'OPEN', 2000000, '33333333-3333-3333-3333-000000000003', '22222222-2222-2222-2222-000000000003', '44444444-4444-4444-4444-000000000003'),
('66666666-6666-6666-6666-000000000004', 'L-004', 'Lớp Học 4', NOW(), 20, 'OPEN', 2000000, '33333333-3333-3333-3333-000000000004', '22222222-2222-2222-2222-000000000004', '44444444-4444-4444-4444-000000000004'),
('66666666-6666-6666-6666-000000000005', 'L-005', 'Lớp Học 5', NOW(), 20, 'OPEN', 2000000, '33333333-3333-3333-3333-000000000005', '22222222-2222-2222-2222-000000000005', '44444444-4444-4444-4444-000000000005'),
('66666666-6666-6666-6666-000000000006', 'L-006', 'Lớp Học 6', NOW(), 20, 'OPEN', 2000000, '33333333-3333-3333-3333-000000000006', '22222222-2222-2222-2222-000000000006', '44444444-4444-4444-4444-000000000006'),
('66666666-6666-6666-6666-000000000007', 'L-007', 'Lớp Học 7', NOW(), 20, 'OPEN', 2000000, '33333333-3333-3333-3333-000000000007', '22222222-2222-2222-2222-000000000007', '44444444-4444-4444-4444-000000000007'),
('66666666-6666-6666-6666-000000000008', 'L-008', 'Lớp Học 8', NOW(), 20, 'OPEN', 2000000, '33333333-3333-3333-3333-000000000008', '22222222-2222-2222-2222-000000000008', '44444444-4444-4444-4444-000000000008'),
('66666666-6666-6666-6666-000000000009', 'L-009', 'Lớp Học 9', NOW(), 20, 'OPEN', 2000000, '33333333-3333-3333-3333-000000000009', '22222222-2222-2222-2222-000000000009', '44444444-4444-4444-4444-000000000009'),
('66666666-6666-6666-6666-000000000010', 'L-010', 'Lớp Học 10', NOW(), 20, 'OPEN', 2000000, '33333333-3333-3333-3333-000000000010', '22222222-2222-2222-2222-000000000010', '44444444-4444-4444-4444-000000000010'),
('66666666-6666-6666-6666-000000000011', 'L-011', 'Lớp Học 11', NOW(), 20, 'OPEN', 2000000, '33333333-3333-3333-3333-000000000011', '22222222-2222-2222-2222-000000000011', '44444444-4444-4444-4444-000000000011'),
('66666666-6666-6666-6666-000000000012', 'L-012', 'Lớp Học 12', NOW(), 20, 'OPEN', 2000000, '33333333-3333-3333-3333-000000000012', '22222222-2222-2222-2222-000000000012', '44444444-4444-4444-4444-000000000012'),
('66666666-6666-6666-6666-000000000013', 'L-013', 'Lớp Học 13', NOW(), 20, 'OPEN', 2000000, '33333333-3333-3333-3333-000000000013', '22222222-2222-2222-2222-000000000013', '44444444-4444-4444-4444-000000000013'),
('66666666-6666-6666-6666-000000000014', 'L-014', 'Lớp Học 14', NOW(), 20, 'OPEN', 2000000, '33333333-3333-3333-3333-000000000014', '22222222-2222-2222-2222-000000000014', '44444444-4444-4444-4444-000000000014'),
('66666666-6666-6666-6666-000000000015', 'L-015', 'Lớp Học 15', NOW(), 20, 'OPEN', 2000000, '33333333-3333-3333-3333-000000000015', '22222222-2222-2222-2222-000000000015', '44444444-4444-4444-4444-000000000015'),
('66666666-6666-6666-6666-000000000016', 'L-016', 'Lớp Học 16', NOW(), 20, 'OPEN', 2000000, '33333333-3333-3333-3333-000000000016', '22222222-2222-2222-2222-000000000016', '44444444-4444-4444-4444-000000000016'),
('66666666-6666-6666-6666-000000000017', 'L-017', 'Lớp Học 17', NOW(), 20, 'OPEN', 2000000, '33333333-3333-3333-3333-000000000017', '22222222-2222-2222-2222-000000000017', '44444444-4444-4444-4444-000000000017'),
('66666666-6666-6666-6666-000000000018', 'L-018', 'Lớp Học 18', NOW(), 20, 'OPEN', 2000000, '33333333-3333-3333-3333-000000000018', '22222222-2222-2222-2222-000000000018', '44444444-4444-4444-4444-000000000018'),
('66666666-6666-6666-6666-000000000019', 'L-019', 'Lớp Học 19', NOW(), 20, 'OPEN', 2000000, '33333333-3333-3333-3333-000000000019', '22222222-2222-2222-2222-000000000019', '44444444-4444-4444-4444-000000000019'),
('66666666-6666-6666-6666-000000000020', 'L-020', 'Lớp Học 20', NOW(), 20, 'OPEN', 2000000, '33333333-3333-3333-3333-000000000020', '22222222-2222-2222-2222-000000000020', '44444444-4444-4444-4444-000000000020'),
('66666666-6666-6666-6666-000000000021', 'L-021', 'Lớp Học 21', NOW(), 20, 'OPEN', 2000000, '33333333-3333-3333-3333-000000000021', '22222222-2222-2222-2222-000000000021', '44444444-4444-4444-4444-000000000021'),
('66666666-6666-6666-6666-000000000022', 'L-022', 'Lớp Học 22', NOW(), 20, 'OPEN', 2000000, '33333333-3333-3333-3333-000000000022', '22222222-2222-2222-2222-000000000022', '44444444-4444-4444-4444-000000000022'),
('66666666-6666-6666-6666-000000000023', 'L-023', 'Lớp Học 23', NOW(), 20, 'OPEN', 2000000, '33333333-3333-3333-3333-000000000023', '22222222-2222-2222-2222-000000000023', '44444444-4444-4444-4444-000000000023'),
('66666666-6666-6666-6666-000000000024', 'L-024', 'Lớp Học 24', NOW(), 20, 'OPEN', 2000000, '33333333-3333-3333-3333-000000000024', '22222222-2222-2222-2222-000000000024', '44444444-4444-4444-4444-000000000024'),
('66666666-6666-6666-6666-000000000025', 'L-025', 'Lớp Học 25', NOW(), 20, 'OPEN', 2000000, '33333333-3333-3333-3333-000000000025', '22222222-2222-2222-2222-000000000025', '44444444-4444-4444-4444-000000000025')
ON CONFLICT DO NOTHING;

